1740D-174Q2-97_S121	CRC0254LMX0B01201TUMD03000
1740D-174Q2-98_S122	CRC1389LMX0B01001TUMD04000
1740D-174Q2-99_S123	CRC1589LMX0B01001TUMD04000
1740D-174Q2-100_S89	CRC0095LMX0B01201TUMD03000
1740D-174Q2-101_S124	CRC0078LMX0A01201TUMD09000
1740D-174Q2-102_S125	CRC1329LMX0A01001TUMD04000
1740D-174Q2-103_S126	CRC1390LMX0A01001TUMD04000
1740D-174Q2-104_S127	CRC1278LMX0A01001TUMD06000
1740D-174Q2-105_S128	CRC0729LMX0B01001TUMD07000
1740D-174Q2-106_S129	CRC0544LMX0B01001TUMD06000
1740D-174Q2-107_S90	CRC1598LMX0B01001TUMD04000
1740D-174Q2-108_S130	CRC0772LMX0A01001TUMD06000
1740D-174Q2-109_S131	CRC1451LMX0A01001TUMD04000
1740D-174Q2-110_S91	CRC0441LMX0B01001TUMD07000
1740D-174Q2-111_S92	CRC1575LMX0B01001TUMD04000
1740D-174Q2-112_S132	CRC1449LMX0B01001TUMD04000
1740D-174Q2-113_S133	CRC0065LMX0A02201TUMD07000
1740D-174Q2-114_S93	CRC1307LMX0A01001TUMD04000
1740D-174Q2-115_S94	CRC1472LMX0A01001TUMD04000
1740D-174Q2-116_S134	CRC1145LMX0B01001TUMD06000
1740D-174Q2-117_S135	CRC1502LMX0A01001TUMD04000
1740D-174Q2-118_S95	CRC1568LMX0B01001TUMD05000
1740D-174Q2-119_S136	CRC0572LMX0B01001TUMD07000
1740D-174Q2-120_S137	CRC0316LMX0A02005TUMD07000
1740D-174Q2-122_S97	CRC1445LMX0A01001TUMD04000
1740D-174Q2-123_S138	CRC1360LMX0B01001TUMD04000
1740D-174Q2-124_S139	CRC1272LMX0A02002TUMD07000
1740D-174Q2-125_S98	CRC1367LMX0A01001TUMD04000
1740D-174Q2-126_S140	CRC1314LMX0B01001TUMD04000
1740D-174Q2-127_S141	CRC0291LMX0B02201TUMD07000
1740D-174Q2-128_S142	CRC1139LMX0A01001TUMD07000
1740D-174Q2-129_S143	CRC1331LMX0B01001TUMD04000
1740D-174Q2-130_S99	CRC1563LMX0A01001TUMD04000
1740D-174Q2-131_S144	CRC1523LMX0A01001TUMD04000
1740D-174Q2-132_S100	CRC1376LMX0B01001TUMD04000
1740D-174Q2-133_S101	CRC0285LMX0B02204TUMD07000
1740D-174Q2-134_S145	CRC1078LMX0A01001TUMD07000
1740D-174Q2-135_S146	CRC1460LMX0A01001TUMD04000
1740D-174Q2-136_S147	CRC1430LMX0A01001TUMD04000
1740D-174Q2-137_S148	CRC1561LMX0B01001TUMD04000
1740D-174Q2-138_S149	CRC0399LMX0B02004TUMD09000
1740D-174Q2-139_S150	CRC1530LMX0B01001TUMD04000
1740D-174Q2-140_S151	CRC1169LMX0B01001TUMD06000
1740D-174Q2-141_S152	CRC1446LMX0A01001TUMD04000
1740D-174Q2-142_S153	CRC1566LMX0A01001TUMD04000
1740D-174Q2-143_S154	CRC0578LMX0B01001TUMD06000
1740D-174Q2-144_S155	CRC0177LMX0B05001TUMD06000
1740D-174Q2-145_S156	CRC0743LMX0A01001TUMD06000
1740D-174Q2-146_S157	CRC1448LMX0A01001TUMD04000
1740D-174Q2-147_S158	CRC1477LMX0B01001TUMD04000
1740D-174Q2-149_S159	CRC1251LMX0B01001TUMD06000
1740D-174Q2-150_S160	CRC0297LMX0A01201TUMD08000
1740D-174Q2-151_S161	CRC1090LMX0A01001TUMD06000
1740D-174Q2-152_S162	CRC1579LMX0A01001TUMD04000
1740D-174Q2-153_S103	CRC0204LMX0B01201TUMD03000
1740D-174Q2-154_S104	CRC1588LMX0B02001TUMD04000
1740D-174Q2-193_S185	CRC1620LMX0B01001TUMD05000
1740D-174Q2-194_S186	CRC1606LMX0A01001TUMD04000
1740D-174Q2-195_S187	CRC1599LMX0A01001TUMD04000
1740D-174Q2-196_S188	CRC1744LMX0A01001TUMD04000
1740D-174Q2-197_S189	CRC0177LMX0B07002TUMD04000
1740D-174Q2-198_S190	CRC0355LMX0A01201TUMD14000
1740D-174Q2-199_S191	CRC1772LMX0A01001TUMD04000
1740D-174Q2-200_S192	CRC0404LMX0B02004TUMD11000
1740D-174Q2-201_S193	CRC0322LMX0A02201TUMD12000
1740D-174Q2-202_S272	CRC0327LMX0A02201TUMD12000
1740D-174Q2-203_S273	CRC0370LMX0B02003TUMD09000
1740D-174Q2-204_S299	CRC1359LMX0A01001TUMD11000
1740D-174Q2-205_S194	CRC1306LMX0A01001TUMD07000
1740D-174Q2-206_S274	CRC1321LMX0B01001TUMD07000
1740D-174Q2-207_S275	CRC1257LMX0A01001TUMD09000
1740D-174Q2-208_S195	CRC0148LMX0A02201TUMD11000
1740D-174Q2-209_S235	CRC0196LMX0B02201TUMD11000
1740D-174Q2-210_S236	CRC0063LMX0A02204TUMD07000
1740D-174Q2-211_S276	CRC0030LMX0B02203TUMD11000
1740D-174Q2-212_S297	CRC0150LMX0A02204TUMD12000
1740D-174Q2-213_S196	CRC0125LMX0A02204TUMD06000
1740D-174Q2-214_S197	CRC0134LMX0A02204TUMD11000
1740D-174Q2-215_S277	CRC1917LMX0B01001TUMD04000
1740D-174Q2-216_S198	CRC1949LMX0B01001TUMD04000
1740D-174Q2-217_S278	CRC1883LMX0A01001TUMD04000
1740D-174Q2-218_S279	CRC1774LMX0A01001TUMD04000
1740D-174Q2-219_S2	CRC1979LMX0A01001TUMD04000
1740D-174Q2-220_S280	CRC1989LMX0B01001TUMD04000
1740D-174Q2-221_S281	CRC2026LMX0A01001TUMD04000
1740D-174Q2-222_S300	CRC2041LMX0A01001TUMD04000
1740D-174Q2-223_S282	CRC2044LMX0A01001TUMD04000
1740D-174Q2-224_S283	CRC2113LMX0B01001TUMD04000
1740D-174Q2-225_S237	CRC1629LMX0B01001TUMD04000
1740D-174Q2-226_S199	CRC1614LMX0A01001TUMD04000
1740D-174Q2-227_S238	CRC1757LMX0A01001TUMD04000
1740D-174Q2-228_S200	CRC1675LMX0A01001TUMD08000
1740D-174Q2-229_S201	CRC0464LMX0A02002TUMD09000
1740D-174Q2-230_S284	CRC0515LMX0A02003TUMD11000
1740D-174Q2-231_S202	CRC0534LMX0A02004TUMD09000
1740D-174Q2-232_S203	CRC0231LMX0A02204TUMD12000
1740D-174Q2-233_S204	CRC0161LMX0A02202TUMD12000
1740D-174Q2-234_S298	CRC0059LMX0A02204TUMD07000
1740D-174Q2-235_S239	CRC0123LMX0A02204TUMD07000
1740D-174Q2-236_S205	CRC0152LMX0B02204TUMD12000
1740D-174Q2-237_S206	CRC0066LMX0A02204TUMD11000
1740D-174Q2-238_S207	CRC0169LMX0B02204TUMD11000
1740D-174Q2-239_S285	CRC0031LMX0A02203TUMD18000
1740D-174Q2-240_S240	CRC1745LMX0A01001TUMD04000
1740D-174Q2-241_S241	CRC0051LMX0B01001TUMD05000
1740D-174Q2-242_S208	CRC0080LMX0B01201TUMD06000
1740D-174Q2-243_S209	CRC1870LMX0A01001TUMD04000
1740D-174Q2-244_S210	CRC1895LMX0B01001TUMD04000
1740D-174Q2-245_S242	CRC1900LMX0A01001TUMD04000
1740D-174Q2-246_S211	CRC1903LMX0A01001TUMD04000
1740D-174Q2-247_S212	CRC1897LMX0B01001TUMD04000
1740D-174Q2-248_S213	CRC1961LMX0A01001TUMD04000
1740D-174Q2-249_S214	CRC0475LMX0B02004TUMD03000
1740D-174Q2-250_S215	CRC0542LMX0B02004TUMD11000
1740D-174Q2-251_S216	CRC1432LMX0A03005TUMD04000
1740D-174Q2-252_S217	CRC0096LMX0B02203TUMD05000
1740D-174Q2-253_S218	CRC0277LMX0A01204TUMD11000
1740D-174Q2-254_S219	CRC0568LMX0A02003TUMD10000
1740D-174Q2-255_S286	CRC1239LMX0B01001TUMD09000
1740D-174Q2-256_S220	CRC1241LMX0A01001TUMD09000
1740D-174Q2-257_S221	CRC1245LMX0B01001TUMD09000
1740D-174Q2-258_S222	CRC1337LMX0A01001TUMD07000
1740D-174Q2-259_S223	CRC0202LMX0B02204TUMD11000
1740D-174Q2-260_S287	CRC0188LMX0A01201TUMD08000
1740D-174Q2-261_S224	CRC0069LMX0A02201TUMD09000
1740D-174Q2-262_S225	CRC0171LMX0B02204TUMD12000
1740D-174Q2-263_S226	CRC0099LMX0A02204TUMD14000
1740D-174Q2-264_S227	CRC0103LMX0B02202TUMD11000
1740D-174Q2-265_S228	CRC0076LMX0B02203TUMD08000
1740D-174Q2-266_S229	CRC0186LMX0B02204TUMD14000
1740D-174Q2-267_S243	CRC1723LMX0A01001TUMD04000
1740D-174Q2-268_S230	CRC1888LMX0B01001TUMD04000
1740D-174Q2-269_S231	CRC0081LMX0B01201TUMD10000
1740D-174Q2-270_S244	CRC0151LMX0A01201TUMD07000
1740D-174Q2-271_S245	CRC1875LMX0A01001TUMD04000
1740D-174Q2-272_S246	CRC1916LMX0A01001TUMD04000
1740D-174Q2-273_S288	CRC1605LMX0B01001TUMD03000
1740D-174Q2-274_S289	CRC0022LMX0B01201TUMD01000
1740D-174Q2-275_S290	CRC0055LMX0B01201TUMD02000
1740D-174Q2-276_S291	CRC0079LMX0B01201TUMD02000
1740D-174Q2-277_S292	CRC0097LMX0B01201TUMD01000
1740D-174Q2-278_S301	CRC0116LMX0B01201TUMD02000
1740D-174Q2-279_S293	CRC0124LMX0B01201TUMD09000
1740D-174Q2-280_S294	CRC0137LMX0B01201TUMD02000
1740D-174Q2-281_S232	CRC0166LMX0A02206TUMD01000
1740D-174Q2-283_S248	CRC1399LMX0B02001TUMD02000
1740D-174Q2-285_S249	CRC1628LMX0A01001TUMD03000
1740D-174Q2-286_S250	CRC1729LMX0A01001TUMD02000
1740D-174Q2-287_S295	CRC1342LMX0B01001TUMD06000
