1740D-174Q2-01_S23	CRC0022LMO0A04012002D02000
1740D-174Q2-02_S24	CRC0030LMO0A04009001D02000
1740D-174Q2-03_S25	CRC0031LMO0A04012001D02000
1740D-174Q2-04_S26	CRC0051LMO0A02005001D01000
1740D-174Q2-05_S1	CRC0059LMO0A04013001D01000
1740D-174Q2-06_S27	CRC0063LMO0A01003001D02000
1740D-174Q2-07_S2	CRC0065LMO0A04012002D01000
1740D-174Q2-08_S3	CRC0066LMO0A03011001D01000
1740D-174Q2-09_S28	CRC0069LMO0A04011001D02000
1740D-174Q2-10_S29	CRC0076LMO0B04013001D01000
1740D-174Q2-11_S4	CRC0078LMO0B01003001D03000
1740D-174Q2-12_S5	CRC0079LMO0A04018002D03000
1740D-174Q2-13_S30	CRC0080LMO0A04017001D01000
1740D-174Q2-14_S31	CRC0081LMO0A04012001D02000
1740D-174Q2-15_S296	CRC0095LMO0A05019001D01000
1740D-174Q2-16_S32	CRC0096LMO0C04018001D02000
1740D-174Q2-17_S33	CRC0097LMO0A02003001D01000
1740D-174Q2-18_S6	CRC0099LMO0A04010001D03000
1740D-174Q2-19_S34	CRC0103LMO0A01005001D01000
1740D-174Q2-20_S35	CRC0116LMO0B01009001D01000
1740D-174Q2-21_S36	CRC0123LMO0A01003001D02000
1740D-174Q2-22_S37	CRC0124LMO0B04019001D02000
1740D-174Q2-23_S38	CRC0125LMO0A04016001D02000
1740D-174Q2-24_S39	CRC0134LMO0A04009001D03000
1740D-174Q2-25_S265	CRC0137LMO0A03008001D02000
1740D-174Q2-26_S266	CRC0148LMO0A04008001D02000
1740D-174Q2-27_S267	CRC0150LMO0A01006001D02000
1740D-174Q2-28_S268	CRC0151LMO0A04007001D02000
1740D-174Q2-29_S269	CRC0152LMO0C04010001D02000
1740D-174Q2-30_S270	CRC0161LMO0C04021001D02000
1740D-174Q2-31_S7	CRC0166LMO0B01005001D01000
1740D-174Q2-32_S271	CRC0169LMO0A04014001D01000
1740D-174Q2-33_S40	CRC0171LMO0A04008001D02000
1740D-174Q2-34_S41	CRC0177LMO0A04008002D02000
1740D-174Q2-35_S42	CRC0177LMO0D04017001D02000
1740D-174Q2-36_S43	CRC0186LMO0B01003001D03000
1740D-174Q2-37_S44	CRC0188LMO0A01003001D01000
1740D-174Q2-38_S45	CRC0196LMO0B04008001D02000
1740D-174Q2-39_S46	CRC0202LMO0B01003001D02000
1740D-174Q2-40_S47	CRC0204LMO0B04012001D01000
1740D-174Q2-41_S8	CRC0231LMO0A04014001D02000
1740D-174Q2-42_S48	CRC0254LMO0B04021001D02000
1740D-174Q2-43_S49	CRC0277LMO0A03008001D02000
1740D-174Q2-44_S50	CRC0285LMO0A04008001D02000
1740D-174Q2-45_S9	CRC0291LMO0A04013001D02000
1740D-174Q2-46_S51	CRC0297LMO0B02007003D02000
1740D-174Q2-47_S52	CRC0316LMO0A02006001D02000
1740D-174Q2-48_S53	CRC0322LMO0A04009001D02000
1740D-174Q2-49_S54	CRC0327LMO0B04008001D02000
1740D-174Q2-50_S10	CRC0355LMO0B01006001D02000
1740D-174Q2-51_S55	CRC0370LMO0A01005001D01000
1740D-174Q2-52_S56	CRC0399LMO0A01003001D02000
1740D-174Q2-53_S57	CRC0404LMO0A02011003D01000
1740D-174Q2-54_S58	CRC0441LMO0A04011001D01000
1740D-174Q2-55_S59	CRC0464LMO0A01003001D02000
1740D-174Q2-56_S60	CRC0475LMO0A02004001D02000
1740D-174Q2-57_S61	CRC0515LMO0A01004001D02000
1740D-174Q2-58_S11	CRC0534LMO0B04017001D02000
1740D-174Q2-59_S62	CRC0542LMO0C04013001D02000
1740D-174Q2-60_S63	CRC0544LMO0C04018001D01000
1740D-174Q2-61_S64	CRC0568LMO0A01003001D02000
1740D-174Q2-62_S12	CRC0572LMO0A02003001D02000
1740D-174Q2-63_S13	CRC0578LMO0A04018001D02000
1740D-174Q2-64_S65	CRC0729LMO0A01003001D02000
1740D-174Q2-65_S14	CRC0743LMO0A04022001D01000
1740D-174Q2-66_S66	CRC0772LMO0B04013004D02000
1740D-174Q2-67_S67	CRC1078LMO0A02009002D03000
1740D-174Q2-68_S68	CRC1090LMO0A04011001D02000
1740D-174Q2-69_S69	CRC1139LMO0A04007001D02000
1740D-174Q2-70_S70	CRC1145LMO0A02008001D03000
1740D-174Q2-71_S71	CRC1169LMO0C04008001D02000
1740D-174Q2-72_S72	CRC1239LMO0B04007001D02000
1740D-174Q2-73_S73	CRC1241LMO0A02010001D02000
1740D-174Q2-74_S74	CRC1245LMO0A04029001D02000
1740D-174Q2-75_S75	CRC1251LMO0A02010003D03000
1740D-174Q2-76_S76	CRC1257LMO0A02008002D02000
1740D-174Q2-77_S77	CRC1272LMO0C04010001D02000
1740D-174Q2-78_S78	CRC1278LMO0A04008001D02000
1740D-174Q2-79_S79	CRC1306LMO0A04011001D02000
1740D-174Q2-80_S80	CRC1307LMO0A02008004D02000
1740D-174Q2-81_S15	CRC1314LMO0A04016001D02000
1740D-174Q2-82_S16	CRC1321LMO0B02002001D03000
1740D-174Q2-83_S17	CRC1329LMO0B01006001D01000
1740D-174Q2-84_S18	CRC1331LMO0A04011001D02000
1740D-174Q2-85_S19	CRC1337LMO0A04008001D02000
1740D-174Q2-86_S20	CRC1342LMO0A04007001D02000
1740D-174Q2-87_S21	CRC1359LMO0B04008001D01000
1740D-174Q2-88_S22	CRC1360LMO0B04012001D02000
1740D-174Q2-89_S81	CRC1367LMO0A04012001D02000
1740D-174Q2-90_S82	CRC1389LMO0A04008001D02000
1740D-174Q2-91_S83	CRC1390LMO0B04024002D02000
1740D-174Q2-92_S84	CRC1399LMO0A04011001D02000
1740D-174Q2-93_S85	CRC1430LMO0B04008001D02000
1740D-174Q2-94_S86	CRC1432LMO0B04010001D02000
1740D-174Q2-95_S87	CRC1445LMO0B05015001D01000
1740D-174Q2-96_S88	CRC1446LMO0A04009001D02000
1740D-174Q2-155_S105	CRC1448LMO0B02011001D02000
1740D-174Q2-156_S106	CRC1449LMO0A04009001D02000
1740D-174Q2-157_S107	CRC1451LMO0A04010001D03000
1740D-174Q2-158_S108	CRC1460LMO0A04008001D02000
1740D-174Q2-159_S109	CRC1472LMO0A01003001D01000
1740D-174Q2-160_S163	CRC1477LMO0A04011001D02000
1740D-174Q2-161_S164	CRC1502LMO0A04010001D02000
1740D-174Q2-162_S165	CRC1523LMO0A01005001D02000
1740D-174Q2-163_S166	CRC1530LMO0A01003001D02000
1740D-174Q2-164_S167	CRC1561LMO0A05031001D03000
1740D-174Q2-165_S110	CRC1563LMO0A04008001D02000
1740D-174Q2-166_S111	CRC1566LMO0A04010001D01000
1740D-174Q2-167_S168	CRC1568LMO0A04009001D02000
1740D-174Q2-168_S169	CRC1575LMO0A01008001D02000
1740D-174Q2-169_S170	CRC1579LMO0B05013001D01000
1740D-174Q2-170_S112	CRC1588LMO0A04008001D02000
1740D-174Q2-171_S171	CRC1589LMO0B04015001D02000
1740D-174Q2-172_S172	CRC1598LMO0A04011001D01000
1740D-174Q2-173_S173	CRC1599LMO0A01003001D02000
1740D-174Q2-174_S174	CRC1605LMO0C01005001D03000
1740D-174Q2-175_S113	CRC1606LMO0A01006001D02000
1740D-174Q2-176_S114	CRC1620LMO0B01004001D02000
1740D-174Q2-177_S175	CRC1628LMO0A04010001D02000
1740D-174Q2-178_S176	CRC1629LMO0A04014001D02000
1740D-174Q2-179_S115	CRC1675LMO0A01003001D01000
1740D-174Q2-180_S116	CRC1723LMO0A02007001D02000
1740D-174Q2-181_S117	CRC1729LMO0A04011001D01000
1740D-174Q2-182_S118	CRC1744LMO0A02005001D01000
1740D-174Q2-183_S119	CRC1745LMO0B04008001D02000
1740D-174Q2-184_S177	CRC1757LMO0A01003001D03000
1740D-174Q2-185_S178	CRC1772LMO0A01003001D02000
1740D-174Q2-186_S179	CRC1774LMO0A01009001D02000
1740D-174Q2-187_S180	CRC1883LMO0A01013001D01000
1740D-174Q2-188_S181	CRC1888LMO0A04009001D02000
1740D-174Q2-189_S182	CRC1895LMO0B04011001D02000
1740D-174Q2-190_S183	CRC1900LMO0A04015001D02000
1740D-174Q2-191_S120	CRC1903LMO0B01003001D02000
1740D-174Q2-192_S184	CRC1916LMO0B01007001D02000
1740D-174Q2-288_S234	CRC1917LMO0A01006001D02000
1740D-174Q2-289_S251	CRC1949LMO0A01006001D02000
1740D-174Q2-290_S252	CRC1961LMO0A01005001D02000
1740D-174Q2-291_S253	CRC1979LMO0A01003001D01000
1740D-174Q2-292_S254	CRC1989LMO0A01005001D02000
1740D-174Q2-293_S255	CRC2026LMO0A01004001D02000
1740D-174Q2-294_S256	CRC2044LMO0A01003001D02000
1740D-174Q2-295_S257	CRC2113LMO0B01004001D02000
1740D-174Q2-296_S258	CRC0055LMO0A05012001D02000
1740D-174Q2-297_S259	CRC1614LMO0B05017001D02000
1740D-174Q2-298_S260	CRC1897LMO0B02007001D02000
1740D-174Q2-299_S261	CRC1376LMO0C04019001D03000
1740D-174Q2-300_S262	CRC0327-04-0
1740D-174Q2-301_S263	CRC1078-02-0
1740D-174Q2-302_S264	CRC1078-02-1-C
1740D-174Q2-121_S96	CRC1566LMH0000000000D04000
1740D-174Q2-148_S102	CRC1342LMH0000000000D04000
1740D-174Q2-282_S247	CRC1337LMH0000000000D03000
1740D-174Q2-284_S233	CRC1563LMH0000000000D03000
