CRC0022LMO0A04012002D02000	CRC0022LMO0A04012002D02000
CRC0030LMO0A04009001D02000	CRC0030LMO0A04009001D02000
CRC0031LMO0A04012001D02000	CRC0031LMO0A04012001D02000
CRC0051LMO0A02005001D01000	CRC0051LMO0A02005001D01000
CRC0055LMO0A05012001D02000	CRC0055LMO0A05012001D02000
CRC0059LMO0A04013001D01000	CRC0059LMO0A04013001D01000
CRC0063LMO0A01003001D02000	CRC0063LMO0A01003001D02000
CRC0065LMO0A04012002D01000	CRC0065LMO0A04012002D01000
CRC0066LMO0A03011001D01000	CRC0066LMO0A03011001D01000
CRC0069LMO0A04011001D02000	CRC0069LMO0A04011001D02000
CRC0076LMO0B04013001D01000	CRC0076LMO0B04013001D01000
CRC0078LMO0B01003001D03000	CRC0078LMO0B01003001D03000
CRC0079LMO0A04018002D03000	CRC0079LMO0A04018002D03000
CRC0080LMO0A04017001D01000	CRC0080LMO0A04017001D01000
CRC0081LMO0A04012001D02000	CRC0081LMO0A04012001D02000
CRC0095LMO0A05019001D01000	CRC0095LMO0A05019001D01000
CRC0096LMO0C04018001D02000	CRC0096LMO0C04018001D02000
CRC0097LMO0A02003001D01000	CRC0097LMO0A02003001D01000
CRC0099LMO0A04010001D03000	CRC0099LMO0A04010001D03000
CRC0103LMO0A01005001D01000	CRC0103LMO0A01005001D01000
CRC0116LMO0B01009001D01000	CRC0116LMO0B01009001D01000
CRC0123LMO0A01003001D02000	CRC0123LMO0A01003001D02000
CRC0124LMO0B04019001D02000	CRC0124LMO0B04019001D02000
CRC0125LMO0A04016001D02000	CRC0125LMO0A04016001D02000
CRC0134LMO0A04009001D03000	CRC0134LMO0A04009001D03000
CRC0137LMO0A05013001D03000	CRC0137LMO0A05013001D03000
CRC0148LMO0A04008001D02000	CRC0148LMO0A04008001D02000
CRC0150LMO0A01006001D02000	CRC0150LMO0A01006001D02000
CRC0151LMO0A04007001D02000	CRC0151LMO0A04007001D02000
CRC0152LMO0C04010001D02000	CRC0152LMO0C04010001D02000
CRC0161LMO0C04021001D02000	CRC0161LMO0C04021001D02000
CRC0166LMO0B01005001D01000	CRC0166LMO0B01005001D01000
CRC0169LMO0A04014001D01000	CRC0169LMO0A04014001D01000
CRC0171LMO0A04008001D02000	CRC0171LMO0A04008001D02000
CRC0177LMO0A04008002D02000	CRC0177LMO0A04008002D02000
CRC0177LMO0D04017001D02000	CRC0177LMO0D04017001D02000
CRC0186LMO0B04015002D02000	CRC0186LMO0B04015002D02000
CRC0188LMO0A01003001D01000	CRC0188LMO0A01003001D01000
CRC0196LMO0B04008001D02000	CRC0196LMO0B04008001D02000
CRC0202LMO0B01003001D02000	CRC0202LMO0B01003001D02000
CRC0204LMO0B04012001D01000	CRC0204LMO0B04012001D01000
CRC0231LMO0A04014001D02000	CRC0231LMO0A04014001D02000
CRC0254LMO0B04021001D02000	CRC0254LMO0B04021001D02000
CRC0277LMO0A03008001D02000	CRC0277LMO0A03008001D02000
CRC0285LMO0A04008001D02000	CRC0285LMO0A04008001D02000
CRC0291LMO0A04013001D02000	CRC0291LMO0A04013001D02000
CRC0297LMO0B02007003D02000	CRC0297LMO0B02007003D02000
CRC0316LMO0A02006001D02000	CRC0316LMO0A02006001D02000
CRC0322LMO0A04009001D02000	CRC0322LMO0A04009001D02000
CRC0327LMO0B04008001D02000	CRC0327LMO0B04008001D02000
CRC0355LMO0B01006001D02000	CRC0355LMO0B01006001D02000
CRC0370LMO0A01005001D01000	CRC0370LMO0A01005001D01000
CRC0399LMO0A01003001D02000	CRC0399LMO0A01003001D02000
CRC0404LMO0A02011003D01000	CRC0404LMO0A02011003D01000
CRC0441LMO0A04011001D01000	CRC0441LMO0A04011001D01000
CRC0464LMO0A01003001D02000	CRC0464LMO0A01003001D02000
CRC0475LMO0A02004001D02000	CRC0475LMO0A02004001D02000
CRC0515LMO0A01004001D02000	CRC0515LMO0A01004001D02000
CRC0534LMO0B04017001D02000	CRC0534LMO0B04017001D02000
CRC0542LMO0C04013001D02000	CRC0542LMO0C04013001D02000
CRC0544LMO0C04018001D01000	CRC0544LMO0C04018001D01000
CRC0568LMO0A01003001D02000	CRC0568LMO0A01003001D02000
CRC0572LMO0A04008001D02000	CRC0572LMO0A04008001D02000
CRC0578LMO0A04018001D02000	CRC0578LMO0A04018001D02000
CRC0729LMO0A01003001D02000	CRC0729LMO0A01003001D02000
CRC0743LMO0A04022001D01000	CRC0743LMO0A04022001D01000
CRC0772LMO0B04013004D02000	CRC0772LMO0B04013004D02000
CRC1078LMO0A02009002D03000	CRC1078LMO0A02009002D03000
CRC1090LMO0A04011001D02000	CRC1090LMO0A04011001D02000
CRC1139LMO0A04007001D02000	CRC1139LMO0A04007001D02000
CRC1145LMO0A02008001D03000	CRC1145LMO0A02008001D03000
CRC1169LMO0C04008001D02000	CRC1169LMO0C04008001D02000
CRC1239LMO0B04007001D02000	CRC1239LMO0B04007001D02000
CRC1241LMO0A02010001D02000	CRC1241LMO0A02010001D02000
CRC1245LMO0A04029001D02000	CRC1245LMO0A04029001D02000
CRC1251LMO0A02010003D03000	CRC1251LMO0A02010003D03000
CRC1257LMO0A02008002D02000	CRC1257LMO0A02008002D02000
CRC1272LMO0C04010001D02000	CRC1272LMO0C04010001D02000
CRC1278LMO0A04008001D02000	CRC1278LMO0A04008001D02000
CRC1306LMO0A04011001D02000	CRC1306LMO0A04011001D02000
CRC1307LMO0A02008004D02000	CRC1307LMO0A02008004D02000
CRC1314LMO0A04016001D02000	CRC1314LMO0A04016001D02000
CRC1321LMO0B02002001D03000	CRC1321LMO0B02002001D03000
CRC1329LMO0B01006001D01000	CRC1329LMO0B01006001D01000
CRC1331LMO0A04011001D02000	CRC1331LMO0A04011001D02000
CRC1337LMO0A04008001D02000	CRC1337LMO0A04008001D02000
CRC1342LMO0A04007001D02000	CRC1342LMO0A04007001D02000
CRC1359LMO0B04008001D01000	CRC1359LMO0B04008001D01000
CRC1360LMO0B04012001D02000	CRC1360LMO0B04012001D02000
CRC1367LMO0A04012001D02000	CRC1367LMO0A04012001D02000
CRC1376LMO0C04019001D03000	CRC1376LMO0C04019001D03000
CRC1389LMO0A04008001D02000	CRC1389LMO0A04008001D02000
CRC1390LMO0B04024002D02000	CRC1390LMO0B04024002D02000
CRC1399LMO0A04011001D02000	CRC1399LMO0A04011001D02000
CRC1430LMO0B04008001D02000	CRC1430LMO0B04008001D02000
CRC1432LMO0B04010001D02000	CRC1432LMO0B04010001D02000
CRC1445LMO0B05015001D01000	CRC1445LMO0B05015001D01000
CRC1446LMO0A04009001D02000	CRC1446LMO0A04009001D02000
CRC1448LMO0B02011001D02000	CRC1448LMO0B02011001D02000
CRC1449LMO0A04009001D02000	CRC1449LMO0A04009001D02000
CRC1451LMO0A04010001D03000	CRC1451LMO0A04010001D03000
CRC1460LMO0A04008001D02000	CRC1460LMO0A04008001D02000
CRC1472LMO0A04009001D03000	CRC1472LMO0A04009001D03000
CRC1477LMO0A04011001D02000	CRC1477LMO0A04011001D02000
CRC1502LMO0A04010001D02000	CRC1502LMO0A04010001D02000
CRC1523LMO0A01005001D02000	CRC1523LMO0A01005001D02000
CRC1530LMO0A01003001D02000	CRC1530LMO0A01003001D02000
CRC1561LMO0A05031001D03000	CRC1561LMO0A05031001D03000
CRC1563LMO0A04008001D02000	CRC1563LMO0A04008001D02000
CRC1566LMO0A02005003D01000	CRC1566LMO0A02005003D01000
CRC1568LMO0A04009001D02000	CRC1568LMO0A04009001D02000
CRC1575LMO0A01008001D02000	CRC1575LMO0A01008001D02000
CRC1579LMO0B05013001D01000	CRC1579LMO0B05013001D01000
CRC1588LMO0A04008001D02000	CRC1588LMO0A04008001D02000
CRC1589LMO0B04015001D02000	CRC1589LMO0B04015001D02000
CRC1598LMO0A04011001D01000	CRC1598LMO0A04011001D01000
CRC1599LMO0A01003001D02000	CRC1599LMO0A01003001D02000
CRC1605LMO0C01005001D03000	CRC1605LMO0C01005001D03000
CRC1606LMO0A01006001D02000	CRC1606LMO0A01006001D02000
CRC1614LMO0B05017001D02000	CRC1614LMO0B05017001D02000
CRC1620LMO0B01004001D02000	CRC1620LMO0B01004001D02000
CRC1628LMO0A04010001D02000	CRC1628LMO0A04010001D02000
CRC1629LMO0A04014001D02000	CRC1629LMO0A04014001D02000
CRC1675LMO0A01003001D01000	CRC1675LMO0A01003001D01000
CRC1723LMO0A02007001D02000	CRC1723LMO0A02007001D02000
CRC1729LMO0A02006001D01000	CRC1729LMO0A02006001D01000
CRC1744LMO0A02005001D01000	CRC1744LMO0A02005001D01000
CRC1745LMO0B04008001D02000	CRC1745LMO0B04008001D02000
CRC1757LMO0A01003001D03000	CRC1757LMO0A01003001D03000
CRC1772LMO0A01003001D02000	CRC1772LMO0A01003001D02000
CRC1774LMO0A01009001D02000	CRC1774LMO0A01009001D02000
CRC1870LMO0A01003001D01000	CRC1870LMO0A01003001D01000
CRC1883LMO0A01013001D01000	CRC1883LMO0A01013001D01000
CRC1888LMO0A04009001D02000	CRC1888LMO0A04009001D02000
CRC1895LMO0B04011001D02000	CRC1895LMO0B04011001D02000
CRC1897LMO0B02007001D02000	CRC1897LMO0B02007001D02000
CRC1900LMO0A04015001D02000	CRC1900LMO0A04015001D02000
CRC1903LMO0B01003001D02000	CRC1903LMO0B01003001D02000
CRC1916LMO0B01007001D02000	CRC1916LMO0B01007001D02000
CRC1917LMO0A01006001D02000	CRC1917LMO0A01006001D02000
CRC1949LMO0A01006001D02000	CRC1949LMO0A01006001D02000
CRC1961LMO0A01005001D02000	CRC1961LMO0A01005001D02000
CRC1979LMO0A01003001D01000	CRC1979LMO0A01003001D01000
CRC1989LMO0A01005001D02000	CRC1989LMO0A01005001D02000
CRC2026LMO0A01004001D02000	CRC2026LMO0A01004001D02000
CRC2041LMO0A01003001D02000	CRC2041LMO0A01003001D02000
CRC2044LMO0A01003001D02000	CRC2044LMO0A01003001D02000
CRC2113LMO0B01004001D02000	CRC2113LMO0B01004001D02000
CRC0282-01-1-A	CRC0282-01-1-A
CRC1337LMH0000000000D03000	CRC1337LMH0000000000D03000
CRC1342LMH0000000000D05000	CRC1342LMH0000000000D05000
CRC1563LMH0000000000D03000	CRC1563LMH0000000000D03000
CRC1566LMH0000000000D05000	CRC1566LMH0000000000D05000
